train_loss,val_rmse,val_mae,val_mape,val_r2,val_loss,epoch
2.658118963241577,1.070960283279419,0.8526942133903503,252.8658151626587,-0.19413089752197266,1.146955966949463,1
2.4751346111297607,1.0745055675506592,0.8565797209739685,441.9558048248291,-0.13579976558685303,1.15456223487854,2
