train_loss,val_rmse,val_mae,val_mape,val_r2,val_loss,epoch
0.6831347601281272,0.4699864089488983,0.3937891125679016,164.16879892349243,0.3979838490486145,0.22014529397711158,1
0.5126413083738751,0.48470133543014526,0.40433377027511597,170.10666131973267,0.35969632863998413,0.23413798795081675,2
0.4593875734342469,0.37872177362442017,0.30793681740760803,109.65864658355713,0.6090887784957886,0.14310448383912444,3
0.4441618498000834,0.44495946168899536,0.3662562668323517,132.11408853530884,0.4603918790817261,0.19754920341074467,4
0.42485087621543144,0.3812255263328552,0.31000953912734985,100.58424472808838,0.60390305519104,0.14504464610945433,5
0.41113202571868895,0.3961579501628876,0.32261061668395996,107.69646167755127,0.5722655057907104,0.15682180155999959,6
0.407635001755423,0.3958989679813385,0.32237309217453003,90.28422236442566,0.5728245973587036,0.15651586034800857,7
0.40032120736108884,0.369319349527359,0.29902637004852295,89.59347605705261,0.6282579302787781,0.13619719364214689,8
