{
    "topside_tec": [
        0.6775403618812561,
        0.6640057563781738,
        0.44526946544647217,
        -0.5526792407035828,
        0.3339236378669739,
        -0.2122008204460144,
        0.07601340115070343,
        0.32368791103363037,
        0.7023300528526306,
        -0.2173815369606018,
        0.06384146213531494,
        -1.8569774627685547,
        0.5428169965744019,
        0.13517935574054718,
        -0.047415733337402344,
        -0.535899817943573,
        0.398989737033844,
        0.10726036131381989,
        -0.4730719327926636,
        -0.2628025412559509,
        0.21897709369659424,
        1.3168562650680542,
        0.7841482758522034,
        0.15623557567596436
    ],
    "net_tec": [
        8.292193412780762,
        2.2526636123657227,
        1.103380560874939,
        8.932872772216797,
        13.372579574584961,
        8.864280700683594,
        12.131000518798828,
        19.83245086669922,
        11.049038887023926,
        7.424596309661865,
        18.731182098388672,
        12.022664070129395,
        0.885042130947113,
        5.268731594085693,
        14.079362869262695,
        8.48376750946045,
        6.3704705238342285,
        10.152132034301758,
        17.343103408813477,
        11.04720401763916,
        11.012397766113281,
        9.654664993286133,
        7.307699680328369,
        1.690048336982727
    ],
    "electron_density": [
        0.014433637261390686,
        0.07817018777132034,
        0.02506289631128311,
        0.1361762285232544,
        0.09233091026544571,
        -0.030970536172389984,
        0.09210134297609329,
        0.11777137964963913,
        0.018210342153906822,
        -0.07180201262235641,
        0.09486260265111923,
        0.051872368901968,
        0.015301440842449665,
        0.09747457504272461,
        0.14149963855743408,
        -0.026923134922981262,
        0.01846451684832573,
        0.08985865116119385,
        0.13052372634410858,
        0.11917074024677277,
        0.012573521584272385,
        0.026459965854883194,
        0.04892739653587341,
        0.09808525443077087
    ],
    "vertical_delay": [
        0.0454716756939888,
        -0.03709613159298897,
        0.06850166618824005,
        0.08796565979719162,
        0.10340547561645508,
        0.08728079497814178,
        -0.02711971290409565,
        0.21227040886878967,
        0.07228119671344757,
        0.11921630799770355,
        0.20913571119308472,
        0.11918339133262634,
        0.044753529131412506,
        0.018606863915920258,
        0.12610937654972076,
        0.17257709801197052,
        0.03760611265897751,
        0.041431404650211334,
        0.0701770931482315,
        0.12726855278015137,
        0.15206967294216156,
        0.01815962791442871,
        0.08044281601905823,
        -0.04085887223482132
    ],
    "slant_delay": [
        0.07427141070365906,
        0.04638124257326126,
        0.07186222076416016,
        0.05012097954750061,
        0.10619325190782547,
        0.005220159888267517,
        -0.014209344983100891,
        -0.06838317215442657,
        -0.07514770328998566,
        0.10652793943881989,
        0.05942375957965851,
        0.021500281989574432,
        0.11089840531349182,
        0.05800999328494072,
        0.14403915405273438,
        0.1340000033378601,
        0.020831644535064697,
        -0.034825414419174194,
        0.020747952163219452,
        0.04140318185091019,
        0.08508700132369995,
        0.02781660109758377,
        0.03338497877120972,
        0.13693207502365112
    ],
    "time_delay": [
        -0.06093591824173927,
        -0.05663696676492691,
        0.0006048828363418579,
        -0.09513320028781891,
        -0.0051930248737335205,
        -0.09210421144962311,
        -0.07162147760391235,
        0.10455599427223206,
        -0.07539594173431396,
        -0.08573553711175919,
        -0.05674982815980911,
        -0.1035742536187172,
        -0.0494176521897316,
        -0.08458295464515686,
        -0.0804639682173729,
        -0.01221400499343872,
        0.007789798080921173,
        -0.054172858595848083,
        -0.10307741165161133,
        -0.026241298764944077,
        0.006104886531829834,
        -0.04325975477695465,
        -0.05636327713727951,
        -0.15148378908634186
    ],
    "gps_delay": [
        0.06508009880781174,
        0.017029032111167908,
        -0.14077556133270264,
        0.0770566314458847,
        0.12675760686397552,
        -0.054771214723587036,
        0.012204237282276154,
        0.05356687307357788,
        0.06471236050128937,
        0.04042523354291916,
        0.028028443455696106,
        0.011287778615951538,
        0.024339377880096436,
        0.03673141449689865,
        0.04415612667798996,
        -0.00010529905557632446,
        0.06702302396297455,
        0.010211080312728882,
        -0.010775811970233917,
        0.07439588010311127,
        0.027353227138519287,
        0.07992424070835114,
        0.05018729716539383,
        -0.07203945517539978
    ],
    "navic_delay": [
        0.1949104517698288,
        0.14064154028892517,
        0.14479541778564453,
        0.1836109161376953,
        0.11466246843338013,
        0.15628966689109802,
        0.13764718174934387,
        0.18138547241687775,
        0.26510584354400635,
        0.20581436157226562,
        0.19558319449424744,
        0.14206254482269287,
        0.13976597785949707,
        0.15746428072452545,
        0.19929194450378418,
        0.20678390562534332,
        0.2017328441143036,
        0.18640542030334473,
        0.06692640483379364,
        0.18221862614154816,
        0.16684585809707642,
        0.13813315331935883,
        0.1681208461523056,
        0.0907936692237854
    ],
    "galileo_delay": [
        0.030729368329048157,
        0.06637715548276901,
        0.12892740964889526,
        0.027958594262599945,
        0.1630082130432129,
        0.023705050349235535,
        0.07077708095312119,
        0.14511731266975403,
        0.05488325655460358,
        0.11531400680541992,
        0.123421311378479,
        0.10823766887187958,
        0.17179377377033234,
        0.1239393949508667,
        0.12655800580978394,
        0.09696608781814575,
        0.0996706560254097,
        0.05151166394352913,
        0.14444372057914734,
        0.064261794090271,
        0.1133536845445633,
        0.102720707654953,
        0.07038994133472443,
        0.059219956398010254
    ],
    "beidou_delay": [
        -0.008205227553844452,
        0.018913254141807556,
        -0.039260655641555786,
        -0.01612888276576996,
        -0.022370710968971252,
        -0.03494265675544739,
        0.012617327272891998,
        -0.014163084328174591,
        -0.0034941881895065308,
        -0.03709240257740021,
        -0.05995161831378937,
        0.03749736770987511,
        0.0729561448097229,
        -0.0764041393995285,
        -0.06101159751415253,
        -0.11063449084758759,
        0.01383965089917183,
        -0.054539754986763,
        -0.06980235874652863,
        0.08357059955596924,
        0.05890839919447899,
        0.014269236475229263,
        0.07066141813993454,
        0.06217924878001213
    ],
    "confidence_score": [
        0.4169584810733795,
        0.434095174074173,
        0.4759557247161865,
        0.48439332842826843,
        0.42481350898742676,
        0.4624204635620117,
        0.4168773591518402,
        0.46807175874710083,
        0.48248371481895447,
        0.46391037106513977,
        0.5398561954498291,
        0.49993041157722473,
        0.4259802997112274,
        0.4875354766845703,
        0.45577242970466614,
        0.45482322573661804,
        0.4623001515865326,
        0.4570986330509186,
        0.485891729593277,
        0.4057796597480774,
        0.48741579055786133,
        0.4611820578575134,
        0.46689870953559875,
        0.47021710872650146
    ],