train_loss,val_rmse,val_mae,val_mape,val_r2,val_loss,epoch
0.6713685115178426,0.39819157123565674,0.3238697648048401,139.8950695991516,0.5678627490997314,0.15857179649174213,1
0.508157250781854,0.39006099104881287,0.3188197612762451,115.80163240432739,0.5853300094604492,0.1519735031761229,2
0.4649196020430989,0.45556142926216125,0.3768981993198395,143.31742525100708,0.4343712329864502,0.2071728918235749,3
0.43582691210839486,0.4182628095149994,0.34325262904167175,106.52533769607544,0.5232002139091492,0.1746501389425248,4
0.42230505612161423,0.4205840229988098,0.34469693899154663,109.45680141448975,0.5178933143615723,0.17657883279025555,5
